,tweets_id,retweet_count,likes_count
0,892420643555336193,7009,33810
1,892177421306343426,5301,29331
2,891815181378084864,3481,22050
3,891689557279858688,7225,36937
4,891327558926688256,7760,35311
5,891087950875897856,2602,17811
6,890971913173991426,1663,10363
7,890729181411237888,15752,56864
8,890609185150312448,3620,24522
9,890240255349198849,6098,27959
10,890006608113172480,6153,27031
11,889880896479866881,4166,24566
12,889665388333682689,8349,42058
13,889638837579907072,3715,23672
14,889531135344209921,1881,13352
15,889278841981685760,4443,22116
16,888917238123831296,3761,25639
17,888804989199671297,3535,22463
18,888554962724278272,2877,17315
19,888078434458587136,2892,19150
20,887705289381826560,4533,26626
21,887517139158093824,9852,40720
22,887473957103951883,15025,60194
23,887343217045368832,8815,29589
24,887101392804085760,4990,26959
25,886983233522544640,6318,30382
26,886736880519319552,2631,10501
27,886680336477933568,3735,19735
28,886366144734445568,2629,18547
29,886267009285017600,4,105
30,886258384151887873,5289,24527
31,886054160059072513,93,0
32,885984800019947520,5611,28611
33,885528943205470208,5327,31602
34,885518971528720385,3106,18005
35,885311592912609280,15437,0
36,885167619883638784,3669,19255
37,884925521741709313,15024,67285
38,884876753390489601,4673,24387
39,884562892145688576,3910,21319
40,884441805382717440,4790,23868
41,884247878851493888,16918,63305
42,884162670584377345,2505,17945
43,883838122936631299,2861,19173
44,883482846933004288,8270,40214
45,883360690899218434,3080,19949
46,883117836046086144,5533,32517
47,882992080364220416,3247,20985
48,882762694511734784,4097,24798
49,882627270321602560,5062,24600
50,882268110199369728,9631,39196
51,882045870035918850,4082,25723
52,881906580714921986,2855,21444
53,881666595344535552,8960,44554
54,881633300179243008,8,113
55,881536004380872706,13401,43442
56,881268444196462592,4493,20479
57,880935762899988482,2333,15051
58,880872448815771648,3200,18715
59,880465832366813184,5213,25030
60,880221127280381952,3466,23673
61,880095782870896641,3653,24339
62,879862464715927552,2928,19703
63,879674319642796034,9,281
64,879492040517615616,2628,20708
65,879415818425184262,37455,92867
66,879376492567855104,2649,14860
67,879130579576475649,5739,0
68,879050749262655488,3956,19812
69,879008229531029506,2241,16781
70,878776093423087618,3432,17135
71,878604707211726852,5927,26443
72,878404777348136964,1075,0
73,878316110768087041,5527,0
74,878281511006478336,1077,6779
75,878057613040115712,5739,37150
76,877736472329191424,15806,69293
77,877611172832227328,70,0
78,877556246731214848,3168,19908
79,877316821321428993,4347,24154
80,877201837425926144,4629,23866
81,876838120628539392,2804,18212
82,876537666061221889,3974,21050
83,876484053909872640,2000,16567
84,876120275196170240,3903,24687
85,875747767867523072,3582,22111
86,875144289856114688,4156,19420
87,875097192612077568,5115,24241
88,875021211251597312,3972,22546
89,874680097055178752,3919,24602
90,874434818259525634,12214,0
91,874296783580663808,3482,22965
92,874057562936811520,3377,20117
93,874012996292530176,8592,30128
94,873580283840344065,3343,21381
95,873337748698140672,1331,0
96,873213775632977920,1331,6322
97,872967104147763200,4562,24078
98,872820683541237760,3167,13071
99,872620804844003328,3067,18328
100,872486979161796608,7719,36101
101,872122724285648897,6829,30235
102,871879754684805121,9248,33113
103,871762521631449091,2970,17889
104,871515927908634625,2941,17894
105,871166179821445120,4894,0
106,871102520638267392,4682,18551
107,871032628920680449,3225,20160
108,870804317367881728,5284,29803
109,870726314365509632,3,105
110,870656317836468226,2208,10888
111,870374049280663552,22753,73967
112,870308999962521604,3549,19482
113,870063196459192321,7075,32426
114,869772420881756160,8697,38017
115,869702957897576449,5386,25063
116,869596645499047938,2640,14207
117,869227993411051520,3201,18134
118,868880397819494401,12263,57990
119,868639477480148993,1753,0
120,868622495443632128,4473,23643
121,868552278524837888,1753,8972
122,867900495410671616,3572,21608
123,867774946302451713,6256,30277
124,867421006826221569,2116,14348
125,867072653475098625,101,0
126,867051520902168576,6788,28722
127,866720684873056260,4131,17875
128,866686824827068416,2972,17133
129,866450705531457537,30210,108907
130,866334964761202691,12214,46619
131,866094527597207552,7170,0
132,865718153858494464,4851,22934
133,865359393868664832,4292,23614
134,865006731092295680,6674,25047
135,864873206498414592,7499,28867
136,864279568663928832,2584,13074
137,864197398364647424,7588,26641
138,863907417377173506,3592,18445
139,863553081350529029,3634,13688
140,863471782782697472,2092,0
141,863432100342583297,4557,21320
142,863427515083354112,80,1961
143,863079547188785154,953,7898
144,863062471531167744,2092,7528
145,862831371563274240,4460,17218
146,862722525377298433,3091,15339
147,862457590147678208,4255,18290
148,862096992088072192,20012,66323
149,861383897657036800,9272,32307
150,861288531465048066,3591,15355
151,861005113778896900,3339,14997
152,860981674716409858,1858,0
153,860924035999428608,679,0
154,860563773140209665,1858,6725
155,860524505164394496,4606,21266
156,860276583193509888,3074,16591
157,860184849394610176,5127,15023
158,860177593139703809,26766,0
159,859924526012018688,3584,17648
160,859851578198683649,3070,13978
161,859607811541651456,1365,16843
162,859196978902773760,26288,80599
163,859074603037188101,11977,30451
164,858860390427611136,7085,0
165,858843525470990336,3027,14128
166,858471635011153920,4265,19498
167,858107933456039936,2540,14245
168,857989990357356544,2267,14497
169,857746408056729600,9355,30830
170,857393404942143489,1444,5310
171,857263160327368704,3982,18257
172,857214891891077121,16,204
173,857062103051644929,148,0
174,857029823797047296,3493,17055
175,856543823941562368,2550,14844
176,856526610513747968,1654,10832
177,856288084350160898,15,488
178,856282028240666624,5585,25254
179,855862651834028034,21,303
180,855860136149123072,853,4409
181,855857698524602368,1862,10863
182,855851453814013952,16141,41916
183,855818117272018944,4817,24289
184,855459453768019968,7308,27116
185,855245323840757760,5269,0
186,855138241867124737,36,0
187,854732716440526848,5357,20705
188,854482394044301312,6031,26597
189,854365224396361728,4156,17212
190,854120357044912130,6601,29247
191,854010172552949760,2795,14844
192,853760880890318849,5118,26104
193,853639147608842240,8889,31576
194,853299958564483072,3172,14181
195,852936405516943360,1790,0
196,852912242202992640,1602,8258
197,852672615818899456,1914,13655
198,852553447878664193,3122,14913
199,852311364735569921,8888,30387
200,852226086759018497,6101,18364
201,852189679701164033,1419,10576
202,851591660324737024,3127,14975
203,851464819735769094,6319,22285
204,851224888060895234,5177,19066
205,850753642995093505,8092,28180
206,850380195714523136,2334,12090
207,850333567704068097,301,3192
208,850145622816686080,3401,15062
209,850019790995546112,4379,18800
210,849776966551130114,6828,27935
211,849668094696017920,4452,0
212,849412302885593088,2835,14687
213,849336543269576704,1695,10565
214,849051919805034497,7639,39059
215,848690551926992896,3931,23294
216,848324959059550208,4160,22857
217,848213670039564288,646,7547
218,848212111729840128,2722,15050
219,847978865427394560,2927,0
220,847971574464610304,396,0
221,847962785489326080,4585,21756
222,847842811428974592,1193,5020
223,847617282490613760,376,6473
224,847606175596138505,3095,17373
225,847251039262605312,3925,18994
226,847157206088847362,5263,18395
227,847116187444137987,2881,19895
228,846874817362120707,3554,18647
229,846514051647705089,10403,41243
230,846505985330044928,2765,13091
231,846153765933735936,8188,29132
232,846139713627017216,9176,28847
233,846042936437604353,2593,14837
234,845812042753855489,7881,27064
235,845677943972139009,4388,23471
236,845397057150107648,1622,7094
237,845306882940190720,4868,21654
238,845098359547420673,6953,0
239,844979544864018432,2317,12693
240,844973813909606400,2860,13948
241,844580511645339650,2821,15307
242,844223788422217728,1994,12711
243,843981021012017153,2701,14138
244,843856843873095681,4175,19987
245,843604394117681152,2484,15721
246,843235543001513987,5428,19999
247,842846295480000512,3318,14236
248,842765311967449089,1177,6301
249,842535590457499648,3188,16941
250,842163532590374912,5269,22770
251,842115215311396866,2763,13055
252,841833993020538882,13604,0
253,841680585030541313,7170,24065
254,841439858740625411,3335,11753
255,841320156043304961,5027,18441
256,841314665196081154,4243,14765
257,841077006473256960,4894,21359
258,840761248237133825,1622,0
259,840728873075638272,14617,0
260,840698636975636481,2,165
261,840696689258311684,891,11500
262,840632337062862849,1622,8440
263,840370681858686976,4186,15355
264,840268004936019968,5228,17928
265,839990271299457024,2072,12553
266,839549326359670784,7085,25619
267,839290600511926273,132,0
268,839239871831150596,5953,25268
269,838952994649550848,3667,18400
270,838921590096166913,1858,10435
271,838916489579200512,31,0
272,838831947270979586,10052,0
273,838561493054533637,1234,10259
274,838476387338051585,4353,21007
275,838201503651401729,9220,0
276,838150277551247360,304,1570
277,838085839343206401,1,133
278,838083903487373313,2849,16491
279,837820167694528512,7170,31879
280,837482249356513284,408,3614
281,837471256429613056,2065,12002
282,837110210464448512,2185,15078
283,836989968035819520,2119,11968
284,836753516572119041,4271,18158
285,836677758902222849,2026,11863
286,836648853927522308,508,0
287,836397794269200385,25135,0
288,836380477523124226,2749,13922
289,836260088725786625,3987,19981
290,836001077879255040,3902,17927
291,835685285446955009,7433,0
292,835574547218894849,3305,16683
293,835536468978302976,1547,0
294,835309094223372289,19204,0
295,835297930240217089,2747,15453
296,835264098648616962,1547,7248
297,835246439529840640,63,1992
298,835172783151792128,5305,24602
299,835152434251116546,2764,20980
300,834931633769889797,1495,10121
301,834786237630337024,5114,20251
302,834574053763584002,2317,12828
303,834477809192075265,9788,0
304,834458053273591808,1550,9045
305,834209720923721728,4338,19279
306,834167344700198914,3371,14857
307,834089966724603904,1969,9465
308,834086379323871233,2044,12260
309,833863086058651648,2215,12646
310,833826103416520705,3492,17096
311,833732339549220864,205,0
312,833722901757046785,3002,19717
313,833479644947025920,1894,14032
314,833124694597443584,4452,19008
315,832998151111966721,2024,12452
316,832769181346996225,38,0
317,832757312314028032,3325,15871
318,832682457690300417,2668,11159
319,832645525019123713,485,2742
320,832636094638288896,2567,14922
321,832397543355072512,2038,11257
322,832369877331693569,2927,16101
323,832273440279240704,2149,10667
324,832215909146226688,5734,0
325,832215726631055365,8602,0
326,832088576586297345,2,58
327,832040443403784192,8838,0
328,832032802820481025,4308,16798
329,831939777352105988,5663,22500
330,831926988323639298,34,319
331,831911600680497154,5992,25887
332,831670449226514432,1690,9796
333,831650051525054464,1790,6690
334,831552930092285952,2163,8467
335,831322785565769729,1447,8757
336,831315979191906304,1039,6182
337,831309418084069378,2273,11108
338,831262627380748289,1894,11179
339,830956169170665475,1379,7519
340,830583320585068544,15437,62518
341,830173239259324417,5251,0
342,830097400375152640,2703,9181
343,829878982036299777,4615,0
344,829861396166877184,1796,11537
345,829501995190984704,9788,29926
346,829449946868879360,1863,9893
347,829141528400556032,6778,22932
348,829011960981237760,15129,50318
349,828801551087042563,3168,0
350,828770345708580865,5403,24115
351,828708714936930305,10345,34274
352,828650029636317184,1241,8962
353,828409743546925057,1081,6047
354,828408677031882754,1189,7264
355,828381636999917570,2064,11883
356,828376505180889089,995,6989
357,828372645993398273,2728,11879
358,828361771580813312,165,2072
359,828046555563323392,2658,11066
360,828011680017821696,1997,9783
361,827933404142436356,4839,18872
362,827653905312006145,2796,14604
363,827600520311402496,865,7064
364,827324948884643840,2812,14957
365,827199976799354881,2062,10009
366,826958653328592898,4615,20318
367,826848821049180160,9351,34056
368,826615380357632002,3684,0
369,826598799820865537,230,4862
370,826598365270007810,2183,9458
371,826476773533745153,3894,17379
372,826240494070030336,2420,12534
373,826204788643753985,856,4601
374,826115272272650244,2875,14740
375,825876512159186944,1737,9925
376,825829644528148480,2336,12026
377,825535076884762624,16364,53993
378,825147591692263424,4188,17271
379,825120256414846976,1168,0
380,825026590719483904,1168,5910
381,824796380199809024,5105,0
382,824775126675836928,3278,14068
383,824663926340194305,1648,9941
384,824325613288833024,9895,11185
385,824297048279236611,3569,14234
386,824025158776213504,558,4576
387,823939628516474880,2541,10056
388,823719002937630720,10366,0
389,823699002998870016,2336,13213
390,823581115634085888,2445,12273
391,823333489516937216,22,662
392,823322678127919110,3719,14837
393,823269594223824897,9235,0
394,822975315408461824,3200,16369
395,822872901745569793,39923,124114
396,822859134160621569,2111,12460
397,822647212903690241,5958,0
398,822610361945911296,2736,13975
399,822489057087389700,5958,17117
400,822462944365645825,13158,26319
401,822244816520155136,9235,33124
402,822163064745328640,4380,0
403,821886076407029760,2142,10679
404,821813639212650496,3127,0
405,821765923262631936,1556,7906
406,821522889702862852,1633,7573
407,821421320206483457,5129,0
408,821407182352777218,3996,11107
409,821153421864615936,9,236
410,821149554670182400,1826,8114
411,821107785811234820,1975,9072
412,821044531881721856,2126,11964
413,820837357901512704,6241,0
414,820749716845686786,9220,29849
415,820690176645140481,3004,11588
416,820494788566847489,523,0
417,820446719150292993,2395,0
418,820314633777061888,523,3160
419,820078625395449857,5794,18656
420,820013781606658049,1082,0
421,819952236453363712,1082,5016
422,819924195358416896,4549,12239
423,819711362133872643,2877,12618
424,819588359383371776,1868,9160
425,819347104292290561,1116,6844
426,819238181065359361,379,2139
427,819227688460238848,6241,21799
428,819015337530290176,34546,0
429,819015331746349057,17796,0
430,819006400881917954,17796,43044
431,819004803107983360,34546,82709
432,818646164899774465,19459,0
433,818627210458333184,7060,21230
434,818614493328580609,2354,9302
435,818588835076603904,5698,0
436,818536468981415936,2273,10277
437,818307523543449600,7467,0
438,818259473185828864,2088,10423
439,818145370475810820,2369,11621
440,817908911860748288,740,4608
441,817827839487737858,25135,48653
442,817777686764523521,2521,10227
443,817536400337801217,2729,11128
444,817502432452313088,3145,0
445,817423860136083457,13604,31869
446,817415592588222464,890,5297
447,817181837579653120,7872,0
448,817171292965273600,1869,8312
449,817120970343411712,2413,11549
450,817056546584727552,1518,8140
451,816829038950027264,4392,0
452,816816676327063552,1896,9480
453,816697700272001025,2056,9244
454,816450570814898180,7467,28720
455,816336735214911488,1803,8166
456,816091915477250048,1990,8481
457,816062466425819140,944,0
458,816014286006976512,4882,0
459,815990720817401858,944,4688
460,815966073409433600,7872,21139
461,815745968457060357,3860,0
462,815736392542261248,2121,9310
463,815639385530101762,1553,7827
464,815390420867969024,3573,9827
465,814986499976527872,1187,7258
466,814638523311648768,2524,10694
467,814578408554463233,5461,0
468,814530161257443328,1740,8219
469,814153002265309185,8115,27263
470,813944609378369540,2958,0
471,813910438903693312,1733,8858
472,813812741911748608,13037,34645
473,813800681631023104,1649,7884
474,813217897535406080,6852,17691
475,813202720496779264,1706,8772
476,813187593374461952,4048,18841
477,813172488309972993,1809,8811
478,813157409116065792,2066,7381
479,813142292504645637,2244,8084
480,813130366689148928,418,4261
481,813127251579564032,2921,11212
482,813112105746448384,2571,9798
483,813096984823349248,3391,10039
484,813081950185472002,2596,9425
485,813066809284972545,1830,7545
486,813051746834595840,6865,19926
487,812781120811126785,1788,7152
488,812709060537683968,1352,6293
489,812503143955202048,1148,5742
490,812466873996607488,1802,7573
491,812372279581671427,3424,12940
492,811985624773361665,1312,6916
493,811744202451197953,1479,7163
494,811647686436880384,682,5321
495,811627233043480576,2853,12081
496,811386762094317568,5985,19875
497,810984652412424192,1332,5059
498,810896069567610880,1644,8550
499,810657578271330305,2468,10432
500,810284430598270976,10497,33335
501,810254108431155201,3168,13980
502,809920764300447744,3684,14785
503,809808892968534016,4582,0
504,809448704142938112,1370,6612
505,809220051211603969,5251,18895
506,809084759137812480,3307,12567
507,808838249661788160,2868,9649
508,808733504066486276,2034,7508
509,808501579447930884,2455,10765
510,808344865868283904,19459,40219
511,808134635716833280,5523,0
512,808106460588765185,2070,8390
513,808001312164028416,3313,11855
514,807621403335917568,3391,13860
515,807106840509214720,51682,111698
516,807059379405148160,6891,0
517,807010152071229440,3636,12481
518,806629075125202948,32398,70643
519,806620845233815552,5148,0
520,806576416489959424,1825,4664
521,806542213899489280,2218,9740
522,806242860592926720,10890,0
523,806219024703037440,1134,6136
524,805958939288408065,5017,0
525,805932879469572096,1802,7887
526,805826884734976000,1717,6245
527,805823200554876929,7483,0
528,805520635690676224,1552,5485
529,805487436403003392,2382,8352
530,805207613751304193,1628,7483
531,804738756058218496,3603,12996
532,804475857670639616,1892,5850
533,804413760345620481,3012,0
534,804026241225523202,15061,42080
535,803773340896923648,2591,9566
536,803692223237865472,6931,0
537,803638050916102144,3887,10381
538,803380650405482500,1769,7397
539,803321560782307329,4961,0
540,803276597545603072,2300,9558
541,802952499103731712,1875,8580
542,802624713319034886,2727,0
543,802600418706604034,1384,6767
544,802572683846291456,2358,8520
545,802323869084381190,5483,15348
546,802265048156610565,1298,6622
547,802239329049477120,2460,8648
548,802185808107208704,251,0
549,801958328846974976,1597,7368
550,801854953262350336,219,1725
551,801538201127157760,1954,7818
552,801285448605831168,773,5746
553,801167903437357056,5523,23190
554,801127390143516673,3699,0
555,801115127852503040,1985,7680
556,800859414831898624,91,647
557,800855607700029440,1519,0
558,800751577355128832,2637,10093
559,800513324630806528,2833,12504
560,800459316964663297,2063,9051
561,800443802682937345,4025,0
562,800388270626521089,2638,10623
563,800188575492947969,3697,0
564,800141422401830912,2395,14521
565,800018252395122689,12331,26918
566,799774291445383169,4374,0
567,799757965289017345,2004,7979
568,799422933579902976,1801,7690
569,799308762079035393,5092,0
570,799297110730567681,2568,9389
571,799063482566066176,2340,7700
572,798933969379225600,4161,12429
573,798925684722855936,1362,7160
574,798705661114773508,6222,0
575,798701998996647937,7252,0
576,798697898615730177,6103,0
577,798694562394996736,4643,0
578,798686750113755136,2181,0
579,798682547630837760,4435,0
580,798673117451325440,5227,0
581,798665375516884993,3678,0
582,798644042770751489,1746,0
583,798628517273620480,1867,0
584,798585098161549313,5277,0
585,798576900688019456,5488,0
586,798340744599797760,3142,0
587,798209839306514432,2425,9932
588,797971864723324932,2893,10963
589,797545162159308800,4620,13884
590,797236660651966464,6165,18948
591,797165961484890113,24,212
592,796904159865868288,8360,0
593,796865951799083009,1829,7316
594,796759840936919040,2837,11217
595,796563435802726400,6748,0
596,796484825502875648,1653,7190
597,796387464403357696,3893,10468
598,796177847564038144,13383,0
599,796149749086875649,13383,30544
600,796125600683540480,1686,4739
601,796116448414461957,2254,8647
602,796080075804475393,2169,8024
603,796031486298386433,3502,10277
604,795464331001561088,21988,46829
605,795400264262053889,2686,9521
606,795076730285391872,5105,15351
607,794983741416415232,3160,0
608,794926597468000259,2161,9687
609,794355576146903043,9671,0
610,794332329137291264,2539,9139
611,794205286408003585,3116,8779
612,793962221541933056,4582,15918
613,793845145112371200,1749,8778
614,793614319594401792,2930,0
615,793601777308463104,1518,7585
616,793500921481273345,2236,10130
617,793286476301799424,8602,23365
618,793271401113350145,2249,8259
619,793256262322548741,7812,18947
620,793241302385262592,3080,9996
621,793226087023144960,2718,9289
622,793210959003287553,2611,8486
623,793195938047070209,5280,14461
624,793180763617361921,1867,6573
625,793165685325201412,2629,8914
626,793150605191548928,1597,5857
627,793135492858580992,2362,6085
628,793120401413079041,3689,12034
629,792913359805018113,3718,13612
630,792883833364439040,4005,10713
631,792773781206999040,1572,7003
632,792394556390137856,4018,12731
633,792050063153438720,1673,6777
634,791821351946420224,19725,0
635,791784077045166082,8909,0
636,791780927877898241,3560,0
637,791774931465953280,20782,42779
638,791672322847637504,2930,11154
639,791406955684368384,3860,12495
640,791312159183634433,2368,8326
641,791026214425268224,3818,0
642,790987426131050500,1992,9310
643,790946055508652032,4392,15869
644,790723298204217344,2146,0
645,790698755171364864,1808,7806
646,790581949425475584,6651,19576
647,790337589677002753,1769,7421
648,790277117346975746,2958,11908
649,790227638568808452,3313,0
650,789986466051088384,2146,8810
651,789960241177853952,3839,0
652,789903600034189313,3887,9793
653,789628658055020548,1651,7084
654,789599242079838210,1796,6382
655,789530877013393408,3160,11094
656,789314372632018944,2139,8205
657,789280767834746880,4592,0
658,789268448748703744,2449,8666
659,789137962068021249,2609,9228
660,788908386943430656,11718,26086
661,788765914992902144,9671,25923
662,788552643979468800,6670,0
663,788412144018661376,4930,14731
664,788178268662984705,1980,6903
665,788150585577050112,1201,5803
666,788070120937619456,3215,0
667,788039637453406209,1230,5800
668,787810552592695296,2842,8155
669,787717603741622272,2587,9715
670,787397959788929025,2670,10339
671,787322443945877504,1628,7401
672,787111942498508800,6301,0
673,786963064373534720,7433,25290
674,786729988674449408,2275,0
675,786709082849828864,5734,17373
676,786664955043049472,2366,10056
677,786595970293370880,2918,8981
678,786363235746385920,3221,10285
679,786286427768250368,2648,7565
680,786233965241827333,4380,14414
681,786051337297522688,148,1354
682,786036967502913536,6505,0
683,785927819176054784,2991,10815
684,785872687017132033,1673,6346
685,785639753186217984,2106,7462
686,785533386513321988,1843,8595
687,785515384317313025,1166,5800
688,785264754247995392,1519,6913
689,785170936622350336,4501,11384
690,784826020293709826,3012,9576
691,784517518371221505,2366,8502
692,784431430411685888,1184,5447
693,784183165795655680,7483,18971
694,784057939640352768,10366,28125
695,783839966405230592,10052,28410
696,783821107061198850,1829,6991
697,783695101801398276,2991,9873
698,783466772167098368,2076,7986
699,783391753726550016,5096,16006
700,783347506784731136,5148,0
701,783334639985389568,10890,27503
702,783085703974514689,2020,7740
703,782969140009107456,6891,22822
704,782747134529531904,1319,7071
705,782722598790725632,5017,16300
706,782598640137187329,1767,7383
707,782305867769217024,5129,15715
708,782021823840026624,5741,0
709,781955203444699136,3138,10571
710,781661882474196992,2528,9883
711,781655249211752448,1053,3785
712,781524693396357120,5148,19596
713,781308096455073793,2385,6751
714,781251288990355457,1930,7925
715,781163403222056960,2584,9278
716,780931614150983680,6748,20495
717,780858289093574656,1866,6801
718,780800785462489090,1201,5195
719,780601303617732608,3127,11428
720,780543529827336192,1627,5953
721,780496263422808064,3425,0
722,780476555013349377,103,0
723,780459368902959104,1003,5000
724,780192070812196864,2089,8222
725,780092040432480260,2137,0
726,780074436359819264,4570,11433
727,779834332596887552,6505,17772
728,779377524342161408,2889,8258
729,779124354206535695,17034,0
730,779056095788752897,4212,13905
731,778990705243029504,6657,18756
732,778774459159379968,9161,0
733,778764940568104960,338,820
734,778748913645780993,1207,6463
735,778650543019483137,1391,5428
736,778624900596654080,943,4342
737,778408200802557953,4009,12871
738,778396591732486144,11345,0
739,778383385161035776,1019,5507
740,778286810187399168,3064,9746
741,778039087836069888,2466,7994
742,778027034220126208,1493,6200
743,777953400541634568,3269,0
744,777885040357281792,1515,5998
745,777684233540206592,2727,10621
746,777641927919427584,3922,0
747,777621514455814149,2341,8221
748,777189768882946048,3985,13321
749,776819012571455488,12608,0
750,776813020089548800,1114,4605
751,776477788987613185,2561,8254
752,776249906839351296,8464,0
753,776218204058357768,14740,28116
754,776201521193218049,2335,9028
755,776113305656188928,4025,11121
756,776088319444877312,141,1714
757,775898661951791106,15542,0
758,775842724423557120,2466,11044
759,775733305207554048,3699,13084
760,775729183532220416,4281,12263
761,775364825476165632,2713,6951
762,775350846108426240,3628,9585
763,775085132600442880,4374,14632
764,774757898236878852,1656,8139
765,774639387460112384,1615,6368
766,774314403806253056,5092,20549
767,773985732834758656,3587,10167
768,773922284943896577,1629,6062
769,773704687002451968,1498,6238
770,773670353721753600,1225,5055
771,773547596996571136,5698,20829
772,773336787167145985,4674,0
773,773308824254029826,6953,21990
774,773247561583001600,3004,8888
775,773191612633579521,3806,9399
776,772877495989305348,3580,8053
777,772826264096874500,2210,7569
778,772615324260794368,3118,0
779,772581559778025472,1588,6114
780,772193107915964416,1291,5680
781,772152991789019136,1054,3590
782,772117678702071809,687,3554
783,772114945936949249,439,2583
784,772102971039580160,866,3775
785,771908950375665664,1757,6188
786,771770456517009408,3142,11294
787,771500966810099713,2421,7777
788,771380798096281600,4674,9919
789,771171053431250945,6895,0
790,771136648247640064,2710,8614
791,771102124360998913,1335,5867
792,771014301343748096,1539,6485
793,770787852854652928,1104,4621
794,770772759874076672,1326,4890
795,770655142660169732,1668,6929
796,770414278348247044,1927,5945
797,770293558247038976,1355,5855
798,770093767776997377,2818,0
799,770069151037685760,2126,7147
800,769940425801170949,8838,29309
801,769695466921623552,1564,6048
802,769335591808995329,7130,0
803,769212283578875904,1600,5085
804,768970937022709760,6002,13413
805,768909767477751808,2443,0
806,768855141948723200,827,3936
807,768609597686943744,1099,3861
808,768596291618299904,1188,4736
809,768554158521745409,5387,0
810,768473857036525572,3162,12779
811,768193404517830656,3269,10201
812,767884188863397888,1266,4469
813,767754930266464257,4961,14991
814,767500508068192258,2151,7057
815,767191397493538821,3479,11545
816,767122157629476866,2648,9557
817,766793450729734144,1260,4750
818,766714921925144576,348,2465
819,766693177336135680,730,3798
820,766423258543644672,1459,5643
821,766313316352462849,1734,6346
822,766078092750233600,2424,0
823,766069199026450432,775,3948
824,766008592277377025,461,3538
825,765719909049503744,1995,6807
826,765669560888528897,1132,4858
827,765395769549590528,3118,25133
828,765371061932261376,2005,6682
829,765222098633691136,3118,10932
830,764857477905154048,1648,6085
831,764259802650378240,1393,5645
832,763956972077010945,50,734
833,763837565564780549,3818,11775
834,763183847194451968,1359,5062
835,763167063695355904,2752,0
836,763103485927849985,2124,6936
837,762699858130116608,3313,11372
838,762471784394268675,5920,10523
839,762464539388485633,3839,9650
840,762316489655476224,1029,4505
841,762035686371364864,14312,29836
842,761976711479193600,1829,5049
843,761750502866649088,3590,0
844,761745352076779520,794,4021
845,761672994376806400,26766,46318
846,761599872357261312,1102,3885
847,761371037149827077,16666,0
848,761334018830917632,1339,4832
849,761292947749015552,1001,4194
850,761227390836215808,1447,5005
851,761004547850530816,3215,10656
852,760893934457552897,890,3576
853,760656994973933572,1752,6182
854,760641137271070720,1190,4682
855,760539183865880579,3346,7082
856,760521673607086080,1288,3925
857,760290219849637889,10580,25096
858,760252756032651264,798,3709
859,760190180481531904,1653,5353
860,760153949710192640,28,0
861,759943073749200896,1934,5532
862,759846353224826880,1799,6300
863,759793422261743616,1762,5583
864,759557299618865152,1105,4406
865,759447681597108224,2275,7949
866,759446261539934208,454,1565
867,759197388317847553,1804,5700
868,759159934323924993,1067,0
869,759099523532779520,3826,13634
870,759047813560868866,1851,6076
871,758854675097526272,842,3327
872,758828659922702336,3557,10486
873,758740312047005698,1499,5381
874,758474966123810816,914,3562
875,758467244762497024,2029,4477
876,758405701903519748,1764,4877
877,758355060040593408,966,3158
878,758099635764359168,9160,17744
879,758041019896193024,339,2532
880,757741869644341248,3027,6419
881,757729163776290825,7215,0
882,757725642876129280,1113,4255
883,757611664640446465,1009,4291
884,757597904299253760,278,0
885,757596066325864448,959,4073
886,757400162377592832,6326,14151
887,757393109802180609,1579,5451
888,757354760399941633,1302,4210
889,756998049151549440,1835,5871
890,756939218950160384,1841,6223
891,756651752796094464,1192,4705
892,756526248105566208,3305,9719
893,756303284449767430,1005,3703
894,756288534030475264,16331,41229
895,756275833623502848,1406,5987
896,755955933503782912,2633,6832
897,755206590534418437,4910,15322
898,755110668769038337,10197,19767
899,754874841593970688,7250,0
900,754856583969079297,2311,6451
901,754747087846248448,477,2421
902,754482103782404096,1793,4940
903,754449512966619136,672,3509
904,754120377874386944,2163,7400
905,753655901052166144,1997,5460
906,753420520834629632,3237,7355
907,753398408988139520,1732,5358
908,753375668877008896,2137,7149
909,753298634498793472,5216,0
910,753294487569522689,960,3122
911,753039830821511168,19203,34620
912,753026973505581056,877,3659
913,752932432744185856,6301,11766
914,752917284578922496,1444,6510
915,752701944171524096,2619,0
916,752682090207055872,1460,5612
917,752660715232722944,1424,4081
918,752568224206688256,2087,5119
919,752519690950500352,3157,6869
920,752334515931054080,1009,3593
921,752309394570878976,14906,0
922,752173152931807232,1671,5549
923,751950017322246144,832,2852
924,751937170840121344,1201,4835
925,751830394383790080,1788,5446
926,751793661361422336,2620,5399
927,751598357617971201,2832,7417
928,751583847268179968,1005,4111
929,751538714308972544,1148,4720
930,751456908746354688,925,3013
931,751251247299190784,5397,11745
932,751205363882532864,1666,5908
933,751132876104687617,1187,4730
934,750868782890057730,1251,4467
935,750719632563142656,4592,12272
936,750506206503038976,1055,4143
937,750429297815552001,3922,12305
938,750383411068534784,1042,4267
939,750381685133418496,27,670
940,750147208377409536,876,2913
941,750132105863102464,1183,3373
942,750117059602808832,1212,4055
943,750101899009982464,777,2849
944,750086836815486976,491,2026
945,750071704093859840,3037,7257
946,750056684286914561,820,2955
947,750041628174217216,567,2969
948,750026558547456000,720,2533
949,750011400160841729,821,3015
950,749996283729883136,756,2836
951,749981277374128128,2278,4785
952,749774190421639168,1211,4355
953,749417653287129088,1517,5695
954,749403093750648834,492,2439
955,749395845976588288,3158,7968
956,749317047558017024,2050,5099
957,749075273010798592,1889,5374
958,749064354620928000,1408,4503
959,749036806121881602,731,2883
960,748977405889503236,3133,10034
961,748932637671223296,2062,5411
962,748705597323898880,879,2585
963,748699167502000129,1460,4419
964,748692773788876800,1229,3958
965,748575535303884801,1813,5641
966,748568946752774144,610,2048
967,748346686624440324,1122,4859
968,748337862848962560,3739,7071
969,748324050481647620,693,3460
970,748307329658011649,656,3449
971,748220828303695873,7121,13152
972,747963614829678593,1958,5389
973,747933425676525569,2359,6180
974,747885874273214464,882,2726
975,747844099428986880,677,2631
976,747816857231626240,1061,4506
977,747651430853525504,143,1275
978,747648653817413632,5337,11985
979,747600769478692864,523,2171
980,747594051852075008,950,3426
981,747512671126323200,1478,5137
982,747461612269887489,949,3597
983,747439450712596480,1753,5041
984,747242308580548608,2636,0
985,747219827526344708,1442,4898
986,747204161125646336,833,3126
987,747103485104099331,3629,8901
988,746906459439529985,271,2723
989,746872823977771008,1951,5583
990,746818907684614144,1596,4955
991,746790600704425984,1466,4527
992,746757706116112384,3560,8858
993,746726898085036033,1642,5642
994,746542875601690625,1747,4700
995,746521445350707200,901,0
996,746507379341139972,991,4346
997,746369468511756288,1490,5769
998,746131877086527488,2003,6400
999,746056683365994496,741,3326
1000,745789745784041472,965,3677
1001,745712589599014916,2131,6516
1002,745433870967832576,2312,6555
1003,745422732645535745,2207,7952
1004,745314880350101504,2484,6614
1005,745074613265149952,3188,7287
1006,745057283344719872,2056,6756
1007,744995568523612160,569,2751
1008,744971049620602880,2449,7309
1009,744709971296780288,1440,5233
1010,744334592493166593,1937,6341
1011,744234799360020481,70732,144883
1012,744223424764059648,327,1534
1013,743980027717509120,1005,3904
1014,743895849529389061,881,3408
1015,743835915802583040,1874,0
1016,743609206067040256,1270,4162
1017,743595368194129920,5967,16989
1018,743545585370791937,862,3284
1019,743510151680958465,3419,7418
1020,743253157753532416,1124,3935
1021,743222593470234624,1744,5736
1022,743210557239623680,1238,3560
1023,742534281772302336,3284,6571
1024,742528092657332225,1796,4112
1025,742465774154047488,3609,6762
1026,742423170473463808,3425,9110
1027,742385895052087300,1780,6293
1028,742161199639494656,1248,4009
1029,742150209887731712,1402,4722
1030,741793263812808706,1388,4222
1031,741743634094141440,2501,7556
1032,741438259667034112,748,3420
1033,741303864243200000,2923,8137
1034,741099773336379392,5030,9240
1035,741067306818797568,2818,8870
1036,740995100998766593,2476,5836
1037,740711788199743490,865,3151
1038,740699697422163968,710,2652
1039,740676976021798912,6222,16853
1040,740373189193256964,12142,32615
1041,740365076218183684,389,2251
1042,740359016048689152,798,3050
1043,740214038584557568,1790,6192
1044,739979191639244800,5387,18530
1045,739932936087216128,988,3762
1046,739844404073074688,791,3533
1047,739623569819336705,1241,3503
1048,739606147276148736,1495,4999
1049,739544079319588864,19284,36511
1050,739485634323156992,2644,6613
1051,739238157791694849,52900,107247
1052,738891149612572673,6,91
1053,738885046782832640,1045,3505
1054,738883359779196928,723,3051
1055,738537504001953792,1400,4707
1056,738402415918125056,744,3018
1057,738184450748633089,1108,3983
1058,738166403467907072,3042,8093
1059,738156290900254721,586,2290
1060,737826014890496000,1611,4840
1061,737800304142471168,3177,9282
1062,737678689543020544,1203,4639
1063,737445876994609152,4065,9467
1064,737322739594330112,736,3328
1065,737310737551491075,6760,13551
1066,736736130620620800,1543,3892
1067,736392552031657984,6670,16368
1068,736365877722001409,1116,3683
1069,736225175608430592,2551,7502
1070,736010884653420544,2710,7263
1071,735991953473572864,1037,3301
1072,735648611367784448,1016,3734
1073,735635087207878657,2146,5672
1074,735274964362878976,4553,12051
1075,735256018284875776,803,3072
1076,735137028879360001,885,2885
1077,734912297295085568,472,2550
1078,734787690684657664,5766,11580
1079,734776360183431168,489,2333
1080,734559631394082816,355,1377
1081,733828123016450049,718,3308
1082,733822306246479872,932,3388
1083,733482008106668032,854,2884
1084,733460102733135873,1140,3875
1085,733109485275860992,15542,49400
1086,732732193018155009,483,2232
1087,732726085725589504,800,3297
1088,732585889486888962,713,3369
1089,732375214819057664,2286,7442
1090,732005617171337216,4881,13718
1091,731285275100512256,903,3225
1092,731156023742988288,1144,3554
1093,730924654643314689,1791,5652
1094,730573383004487680,1918,4475
1095,730427201120833536,941,3208
1096,730211855403241472,959,3506
1097,730196704625098752,1710,4452
1098,729854734790754305,1018,3721
1099,729838605770891264,339,1604
1100,729823566028484608,1127,3663
1101,729463711119904772,2099,5326
1102,729113531270991872,288,1742
1103,728986383096946689,742,2893
1104,728760639972315136,1547,4303
1105,728751179681943552,617,2553
1106,728653952833728512,949,3068
1107,728409960103686147,1827,4511
1108,728387165835677696,879,3429
1109,728046963732717569,1086,3951
1110,728035342121635841,1515,4168
1111,728015554473250816,992,3796
1112,727685679342333952,576,2735
1113,727644517743104000,1591,5402
1114,727524757080539137,1088,4121
1115,727314416056803329,673,3072
1116,727286334147182592,747,2834
1117,727175381690781696,1247,3603
1118,727155742655025152,1202,3338
1119,726935089318363137,2210,6318
1120,726887082820554753,1371,3535
1121,726828223124897792,920,3309
1122,726224900189511680,1044,4089
1123,725842289046749185,2424,6532
1124,725786712245440512,1248,3854
1125,725729321944506368,1609,4806
1126,725458796924002305,557,1307
1127,724983749226668032,1171,3450
1128,724771698126512129,568,2162
1129,724405726123311104,1515,4880
1130,724049859469295616,1623,3987
1131,724046343203856385,513,2458
1132,724004602748780546,1395,3840
1133,723912936180330496,1128,3599
1134,723688335806480385,2647,7055
1135,723673163800948736,816,2795
1136,723179728551723008,1692,4874
1137,722974582966214656,1443,3776
1138,722613351520608256,1496,4594
1139,721503162398597120,1649,4237
1140,721001180231503872,551,2350
1141,720785406564900865,700,2864
1142,720775346191278080,570,2260
1143,720415127506415616,1366,3804
1144,720389942216527872,2270,5884
1145,720340705894408192,881,2630
1146,720059472081784833,1021,3565
1147,720043174954147842,1820,4585
1148,719991154352222208,1600,4490
1149,719704490224398336,1302,4188
1150,719551379208073216,1717,4656
1151,719367763014393856,692,2604
1152,719339463458033665,1122,4112
1153,719332531645071360,860,3184
1154,718971898235854848,986,3216
1155,718939241951195136,1587,4813
1156,718631497683582976,7251,17387
1157,718613305783398402,430,2263
1158,718540630683709445,927,2245
1159,718460005985447936,479,2513
1160,718454725339934721,1384,4515
1161,718246886998687744,448,1766
1162,718234618122661888,915,3574
1163,717841801130979328,545,2278
1164,717790033953034240,990,2637
1165,717537687239008257,1667,5332
1166,717428917016076293,408,1478
1167,717421804990701568,760,2899
1168,717047459982213120,1744,5816
1169,717009362452090881,872,2989
1170,716802964044845056,1051,3973
1171,716791146589110272,1459,7753
1172,716730379797970944,397,1137
1173,716447146686459905,5325,12040
1174,716439118184652801,191,2202
1175,716285507865542656,969,2562
1176,716080869887381504,1712,6266
1177,715928423106027520,796,2941
1178,715758151270801409,1292,3427
1179,715733265223708672,1536,4298
1180,715704790270025728,515,2567
1181,715696743237730304,1170,3619
1182,715680795826982913,1447,3980
1183,715360349751484417,1414,5049
1184,715342466308784130,627,2801
1185,715220193576927233,591,2219
1186,715200624753819648,1689,4764
1187,715009755312439296,1107,3825
1188,714982300363173890,937,3439
1189,714962719905021952,3847,6762
1190,714957620017307648,1284,3824
1191,714631576617938945,900,3021
1192,714606013974974464,834,3352
1193,714485234495041536,1013,2462
1194,714258258790387713,672,2828
1195,714251586676113411,762,3033
1196,714214115368108032,802,2118
1197,714141408463036416,1285,4011
1198,713919462244790272,724,3051
1199,713909862279876608,486,1754
1200,713900603437621249,665,2628
1201,713761197720473600,1244,4475
1202,713411074226274305,1190,4104
1203,713177543487135744,2600,6664
1204,713175907180089344,1336,4099
1205,712809025985978368,6103,17590
1206,712717840512598017,4520,11351
1207,712668654853337088,1102,3836
1208,712438159032893441,1422,4917
1209,712309440758808576,24,222
1210,712097430750289920,938,3471
1211,712092745624633345,814,2716
1212,712085617388212225,438,3021
1213,712065007010385924,570,2080
1214,711998809858043904,122,0
1215,711968124745228288,2097,7430
1216,711743778164514816,912,2624
1217,711732680602345472,3702,8109
1218,711694788429553666,16666,30334
1219,711652651650457602,822,3558
1220,711363825979756544,1020,3333
1221,711306686208872448,680,3060
1222,711008018775851008,560,2749
1223,710997087345876993,1267,4226
1224,710844581445812225,614,2357
1225,710833117892898816,476,2477
1226,710658690886586372,515,2144
1227,710609963652087808,2162,4443
1228,710588934686908417,1701,4189
1229,710296729921429505,672,2207
1230,710283270106132480,481,2001
1231,710272297844797440,1145,4156
1232,710269109699739648,1019,2203
1233,710153181850935296,814,2688
1234,710140971284037632,807,2526
1235,710117014656950272,1785,5040
1236,709918798883774466,996,3234
1237,709901256215666688,92,608
1238,709852847387627521,1092,3245
1239,709566166965075968,1077,3261
1240,709556954897764353,975,3030
1241,709519240576036864,219,1388
1242,709449600415961088,520,2029
1243,709409458133323776,617,2432
1244,709225125749587968,522,2216
1245,709207347839836162,5196,11447
1246,709198395643068416,591,2272
1247,709179584944730112,611,1859
1248,709158332880297985,367,1883
1249,709042156699303936,1483,4349
1250,708853462201716736,595,1671
1251,708845821941387268,806,2745
1252,708834316713893888,452,1557
1253,708810915978854401,6270,15258
1254,708738143638450176,742,2549
1255,708711088997666817,641,2345
1256,708479650088034305,619,2347
1257,708469915515297792,733,2858
1258,708400866336894977,9095,14707
1259,708356463048204288,1201,3308
1260,708349470027751425,677,2193
1261,708149363256774660,1415,3997
1262,708130923141795840,786,3106
1263,708119489313951744,899,2490
1264,708109389455101952,502,1806
1265,708026248782585858,1754,4076
1266,707995814724026368,1017,2880
1267,707983188426153984,2,45
1268,707969809498152960,870,2493
1269,707776935007539200,874,3014
1270,707741517457260545,558,2295
1271,707738799544082433,2208,3745
1272,707693576495472641,919,3132
1273,707629649552134146,788,2361
1274,707610948723478529,5741,15639
1275,707420581654872064,635,2076
1276,707411934438625280,546,2120
1277,707387676719185920,1151,3224
1278,707377100785885184,977,3020
1279,707315916783140866,580,2288
1280,707297311098011648,712,2586
1281,707059547140169728,619,2405
1282,707038192327901184,720,2020
1283,707021089608753152,1227,3743
1284,707014260413456384,545,2122
1285,706904523814649856,7130,13461
1286,706901761596989440,528,1892
1287,706681918348251136,896,3033
1288,706644897839910912,990,2357
1289,706593038911545345,582,1992
1290,706538006853918722,1298,3201
1291,706516534877929472,932,2879
1292,706346369204748288,844,3183
1293,706310011488698368,7157,19579
1294,706291001778950144,439,1571
1295,706265994973601792,852,2528
1296,706169069255446529,2004,3601
1297,706166467411222528,1459,4743
1298,706153300320784384,346,1365
1299,705975130514706432,666,2870
1300,705970349788291072,799,2934
1301,705898680587526145,496,2193
1302,705786532653883392,468,1799
1303,705591895322394625,1035,2922
1304,705475953783398401,832,2752
1305,705442520700944385,1465,4078
1306,705428427625635840,1526,3525
1307,705239209544720384,679,2779
1308,705223444686888960,716,2385
1309,705102439679201280,475,1968
1310,705066031337840642,556,2019
1311,704871453724954624,1018,3969
1312,704859558691414016,477,2076
1313,704847917308362754,1370,4711
1314,704819833553219584,901,2449
1315,704761120771465216,2636,6150
1316,704499785726889984,908,2669
1317,704491224099647488,71,690
1318,704480331685040129,981,3154
1319,704364645503647744,3237,7360
1320,704347321748819968,314,1449
1321,704134088924532736,413,1390
1322,704113298707505153,520,1718
1323,704054845121142784,844,2697
1324,703774238772166656,405,1711
1325,703769065844768768,1025,3024
1326,703631701117943808,602,2370
1327,703611486317502464,1385,3552
1328,703425003149250560,1225,3510
1329,703407252292673536,624,2262
1330,703382836347330562,1035,3229
1331,703356393781329922,346,1771
1332,703268521220972544,495,1828
1333,703079050210877440,2809,6832
1334,703041949650034688,11345,24385
1335,702932127499816960,654,2376
1336,702899151802126337,413,1486
1337,702684942141153280,965,2993
1338,702671118226825216,509,2021
1339,702598099714314240,3143,11355
1340,702539513671897089,874,2655
1341,702332542343577600,1387,2941
1342,702321140488925184,956,3035
1343,702276748847800320,695,2286
1344,702217446468493312,1229,4402
1345,701981390485725185,893,3167
1346,701952816642965504,932,3547
1347,701889187134500865,1258,3257
1348,701805642395348998,1512,3128
1349,701601587219795968,416,1931
1350,701570477911896070,841,2585
1351,701545186879471618,551,2460
1352,701214700881756160,4643,11300
1353,700890391244103680,511,2048
1354,700864154249383937,558,2404
1355,700847567345688576,452,2284
1356,700796979434098688,863,2262
1357,700747788515020802,8464,21064
1358,700518061187723268,723,2400
1359,700505138482569216,523,2114
1360,700462010979500032,1626,3789
1361,700167517596164096,656,2437
1362,700151421916807169,611,2062
1363,700143752053182464,2443,6941
1364,700062718104104960,614,2454
1365,700029284593901568,532,1922
1366,700002074055016451,1206,3038
1367,699801817392291840,851,2783
1368,699788877217865730,470,2067
1369,699779630832685056,1111,2513
1370,699775878809702401,541,1813
1371,699691744225525762,4167,9491
1372,699446877801091073,2401,5521
1373,699434518667751424,468,2035
1374,699423671849451520,290,1252
1375,699413908797464576,572,1934
1376,699370870310113280,395,1757
1377,699323444782047232,784,2913
1378,699088579889332224,566,2091
1379,699079609774645248,576,2263
1380,699072405256409088,1081,2725
1381,699060279947165696,1627,3441
1382,699036661657767936,1094,2408
1383,698989035503689728,879,3087
1384,698953797952008193,832,2493
1385,698907974262222848,556,2346
1386,698710712454139905,620,2278
1387,698703483621523456,337,1332
1388,698635131305795584,315,1198
1389,698549713696649216,561,2152
1390,698355670425473025,397,1707
1391,698342080612007937,873,2081
1392,698262614669991936,1800,4413
1393,698195409219559425,5461,15552
1394,698178924120031232,678,2598
1395,697995514407682048,307,1417
1396,697990423684476929,1174,3020
1397,697943111201378304,618,2210
1398,697881462549430272,1058,2789
1399,697630435728322560,498,1604
1400,697616773278015490,925,2900
1401,697596423848730625,1135,2791
1402,697575480820686848,455,1895
1403,697516214579523584,996,1881
1404,697482927769255936,603,2246
1405,697463031882764288,1276,3178
1406,697270446429966336,1719,4354
1407,697259378236399616,908,3050
1408,697255105972801536,1058,2855
1409,697242256848379904,618,2334
1410,696900204696625153,941,2923
1411,696894894812565505,621,2177
1412,696886256886657024,1631,4456
1413,696877980375769088,642,2266
1414,696754882863349760,329,1375
1415,696744641916489729,838,1900
1416,696713835009417216,588,2183
1417,696518437233913856,1573,3645
1418,696490539101908992,127,1136
1419,696488710901260288,930,2320
1420,696405997980676096,1054,2933
1421,696100768806522880,588,1782
1422,695816827381944320,1056,2767
1423,695794761660297217,709,2922
1424,695767669421768709,666,1713
1425,695629776980148225,1900,4210
1426,695446424020918272,1657,4102
1427,695409464418041856,3258,8012
1428,695314793360662529,1303,3345
1429,695095422348574720,552,2467
1430,695074328191332352,998,2619
1431,695064344191721472,530,1481
1432,695051054296211456,718,2441
1433,694925794720792577,823,2503
1434,694905863685980160,840,2542
1435,694669722378485760,13111,33091
1436,694356675654983680,251,1390
1437,694352839993344000,544,1885
1438,694342028726001664,432,1464
1439,694329668942569472,451,1827
1440,694206574471057408,1860,3826
1441,694183373896572928,844,2714
1442,694001791655137281,926,3148
1443,693993230313091072,360,1740
1444,693942351086120961,331,1627
1445,693647888581312512,523,2482
1446,693644216740769793,115,1268
1447,693642232151285760,378,2362
1448,693629975228977152,723,2265
1449,693622659251335168,338,1423
1450,693590843962331137,1784,4671
1451,693582294167244802,223,1523
1452,693486665285931008,572,1632
1453,693280720173801472,1126,3095
1454,693267061318012928,735,2204
1455,693262851218264065,452,2051
1456,693231807727280129,673,2661
1457,693155686491000832,2906,7275
1458,693109034023534592,552,1570
1459,693095443459342336,406,1707
1460,692919143163629568,700,2508
1461,692905862751522816,791,2243
1462,692901601640583168,540,1620
1463,692894228850999298,718,2089
1464,692828166163931137,799,2664
1465,692752401762250755,3311,6295
1466,692568918515392513,1397,4040
1467,692535307825213440,1238,2910
1468,692530551048294401,370,1708
1469,692423280028966913,198,1369
1470,692417313023332352,3145,8676
1471,692187005137076224,750,2342
1472,692158366030913536,721,1977
1473,692142790915014657,355,1515
1474,692041934689402880,1134,3131
1475,692017291282812928,873,2678
1476,691820333922455552,1499,3663
1477,691793053716221953,3838,7506
1478,691756958957883396,889,2609
1479,691675652215414786,461,1801
1480,691483041324204033,502,2206
1481,691459709405118465,1028,3738
1482,691444869282295808,754,2441
1483,691416866452082688,6931,17894
1484,691321916024623104,602,2392
1485,691096613310316544,797,2768
1486,691090071332753408,307,1606
1487,690989312272396288,2620,5455
1488,690959652130045952,1119,3324
1489,690938899477221376,1756,3781
1490,690932576555528194,911,3033
1491,690735892932222976,1158,3507
1492,690728923253055490,469,2009
1493,690690673629138944,751,2157
1494,690649993829576704,250,1203
1495,690607260360429569,14,279
1496,690597161306841088,548,1787
1497,690400367696297985,406,1746
1498,690374419777196032,764,2978
1499,690360449368465409,796,2454
1500,690348396616552449,464,1374
1501,690248561355657216,370,1544
1502,690021994562220032,925,2587
1503,690015576308211712,663,2311
1504,690005060500217858,1539,3391
1505,689999384604450816,329,1308
1506,689993469801164801,409,1349
1507,689977555533848577,410,1271
1508,689905486972461056,624,2263
1509,689877686181715968,1045,2807
1510,689835978131935233,689,2023
1511,689661964914655233,852,3003
1512,689659372465688576,3487,9547
1513,689623661272240129,581,2045
1514,689599056876867584,5029,10792
1515,689557536375177216,405,1906
1516,689517482558820352,1300,3135
1517,689289219123089408,851,2074
1518,689283819090870273,1005,3025
1519,689280876073582592,642,1831
1520,689275259254616065,225,1055
1521,689255633275777024,978,2358
1522,689154315265683456,899,2862
1523,689143371370250240,457,1869
1524,688916208532455424,773,2502
1525,688908934925697024,708,1945
1526,688898160958271489,711,1931
1527,688894073864884227,622,2062
1528,688828561667567616,326,1281
1529,688804835492233216,170,890
1530,688789766343622656,604,2061
1531,688547210804498433,627,2405
1532,688519176466644993,661,2155
1533,688385280030670848,4086,8570
1534,688211956440801280,761,2082
1535,688179443353796608,532,1981
1536,688116655151435777,700,2619
1537,688064179421470721,324,1601
1538,687841446767013888,2256,5033
1539,687826841265172480,1013,2527
1540,687818504314159109,866,2283
1541,687807801670897665,660,2203
1542,687732144991551489,598,1625
1543,687704180304273409,767,2245
1544,687664829264453632,471,1807
1545,687494652870668288,530,1763
1546,687480748861947905,222,1477
1547,687476254459715584,483,1832
1548,687460506001633280,492,1909
1549,687399393394311168,555,1752
1550,687317306314240000,8359,18680
1551,687312378585812992,1736,4020
1552,687127927494963200,2057,4980
1553,687124485711986689,462,2021
1554,687109925361856513,2239,5373
1555,687102708889812993,873,2171
1556,687096057537363968,552,2082
1557,686947101016735744,2905,8002
1558,686760001961103360,1258,3244
1559,686749460672679938,1321,3206
1560,686730991906516992,1094,3814
1561,686683045143953408,735,2614
1562,686618349602762752,1240,3417
1563,686606069955735556,492,1754
1564,686394059078897668,633,1600
1565,686386521809772549,792,3015
1566,686377065986265092,515,2053
1567,686358356425093120,602,2001
1568,686286779679375361,1527,3729
1569,686050296934563840,664,2066
1570,686035780142297088,104,1062
1571,686034024800862208,1038,2851
1572,686007916130873345,366,2285
1573,686003207160610816,563,1684
1574,685973236358713344,477,1941
1575,685943807276412928,536,1499
1576,685906723014619143,2596,6911
1577,685681090388975616,110,1888
1578,685667379192414208,511,2186
1579,685663452032069632,1335,2978
1580,685641971164143616,700,2697
1581,685547936038666240,14155,30424
1582,685532292383666176,1047,2814
1583,685325112850124800,3590,8688
1584,685321586178670592,580,2451
1585,685315239903100929,945,3035
1586,685307451701334016,397,1929
1587,685268753634967552,1078,2844
1588,685198997565345792,589,2143
1589,685169283572338688,1281,3788
1590,684969860808454144,328,2218
1591,684959798585110529,2816,6299
1592,684940049151070208,947,2964
1593,684926975086034944,417,3226
1594,684914660081053696,1326,3225
1595,684902183876321280,467,1718
1596,684880619965411328,728,1924
1597,684830982659280897,19725,32373
1598,684800227459624960,906,2517
1599,684594889858887680,3171,8196
1600,684588130326986752,1282,3815
1601,684567543613382656,1107,2761
1602,684538444857667585,856,2439
1603,684481074559381504,1071,3573
1604,684460069371654144,503,1821
1605,684241637099323392,2954,7496
1606,684225744407494656,184,1149
1607,684222868335505415,1241,3522
1608,684200372118904832,945,1987
1609,684195085588783105,457,1765
1610,684188786104872960,1054,3226
1611,684177701129875456,594,1867
1612,684147889187209216,1376,2747
1613,684122891630342144,426,1861
1614,684097758874210310,1299,3802
1615,683857920510050305,1021,3528
1616,683852578183077888,316,1797
1617,683849932751646720,856,2418
1618,683834909291606017,1024,2418
1619,683828599284170753,973,2590
1620,683773439333797890,1221,3077
1621,683742671509258241,3011,5985
1622,683515932363329536,2619,6800
1623,683498322573824003,874,2935
1624,683481228088049664,904,2452
1625,683462770029932544,620,2242
1626,683449695444799489,1459,3584
1627,683391852557561860,2181,7056
1628,683357973142474752,825,2672
1629,683142553609318400,938,2649
1630,683111407806746624,818,3148
1631,683098815881154561,589,2001
1632,683078886620553216,520,1860
1633,683030066213818368,671,2002
1634,682962037429899265,14904,33840
1635,682808988178739200,155,1631
1636,682788441537560576,1019,2286
1637,682750546109968385,398,1407
1638,682697186228989953,332,1217
1639,682662431982772225,988,2820
1640,682638830361513985,535,1912
1641,682429480204398592,1046,3186
1642,682406705142087680,1589,6974
1643,682393905736888321,598,2076
1644,682389078323662849,424,1543
1645,682303737705140231,886,2827
1646,682259524040966145,1079,3815
1647,682242692827447297,1040,2972
1648,682088079302213632,8908,16817
1649,682059653698686977,1532,4543
1650,682047327939461121,849,2951
1651,682032003584274432,1797,6069
1652,682003177596559360,1371,2874
1653,681981167097122816,922,2600
1654,681891461017812993,746,2276
1655,681694085539872773,3697,11829
1656,681679526984871937,400,1629
1657,681654059175129088,820,2427
1658,681610798867845120,419,1734
1659,681579835668455424,1179,3258
1660,681523177663676416,5216,13193
1661,681340665377193984,245,1519
1662,681339448655802368,3708,8565
1663,681320187870711809,672,2415
1664,681302363064414209,1625,3603
1665,681297372102656000,857,2959
1666,681281657291280384,997,2965
1667,681261549936340994,236,1335
1668,681242418453299201,470,1359
1669,681231109724700672,441,2243
1670,681193455364796417,1340,3422
1671,680970795137544192,586,2215
1672,680959110691590145,1825,4225
1673,680940246314430465,937,2926
1674,680934982542561280,394,1921
1675,680913438424612864,563,2211
1676,680889648562991104,326,1613
1677,680836378243002368,1185,3191
1678,680805554198020098,607,1981
1679,680801747103793152,742,2190
1680,680798457301471234,939,2611
1681,680609293079592961,628,2414
1682,680583894916304897,1192,3311
1683,680497766108381184,1736,3892
1684,680494726643068929,440,1575
1685,680473011644985345,674,2345
1686,680440374763077632,443,1329
1687,680221482581123072,262,1363
1688,680206703334408192,1050,2592
1689,680191257256136705,441,1982
1690,680176173301628928,1399,3567
1691,680161097740095489,672,2143
1692,680145970311643136,1563,3314
1693,680130881361686529,857,2118
1694,680115823365742593,830,2498
1695,680100725817409536,1253,3305
1696,680085611152338944,8156,11763
1697,680070545539371008,776,2388
1698,679877062409191424,581,1799
1699,679872969355714560,598,2013
1700,679862121895714818,557,2253
1701,679854723806179328,1102,2616
1702,679844490799091713,687,2186
1703,679828447187857408,12608,33198
1704,679777920601223168,998,2856
1705,679736210798047232,718,1915
1706,679729593985699840,749,1994
1707,679722016581222400,426,1539
1708,679530280114372609,1887,4374
1709,679527802031484928,653,2429
1710,679511351870550016,1148,3076
1711,679503373272485890,1338,2920
1712,679475951516934144,585,1927
1713,679462823135686656,17034,29436
1714,679405845277462528,1074,2167
1715,679158373988876288,7250,19457
1716,679148763231985668,927,2558
1717,679132435750195208,1036,2710
1718,679111216690831360,2315,5441
1719,679062614270468097,7215,15497
1720,679047485189439488,587,2057
1721,679001094530465792,1096,2600
1722,678991772295516161,1017,2071
1723,678969228704284672,409,1498
1724,678800283649069056,821,2357
1725,678798276842360832,1030,3168
1726,678774928607469569,821,2576
1727,678767140346941444,1229,3225
1728,678764513869611008,416,1484
1729,678755239630127104,2936,6493
1730,678740035362037760,1490,3403
1731,678708137298427904,2192,5134
1732,678675843183484930,1321,2607
1733,678643457146150913,360,1882
1734,678446151570427904,1372,3657
1735,678424312106393600,2281,5006
1736,678410210315247616,1610,3829
1737,678399652199309312,28598,73530
1738,678396796259975168,375,1459
1739,678389028614488064,383,1715
1740,678380236862578688,823,2244
1741,678341075375947776,473,1576
1742,678334497360859136,224,1184
1743,678278586130948096,5498,10423
1744,678255464182861824,328,1453
1745,678023323247357953,341,1743
1746,678021115718029313,5641,12389
1747,677961670166224897,1525,3145
1748,677918531514703872,364,1220
1749,677895101218201600,1845,4399
1750,677716515794329600,877,2785
1751,677700003327029250,1292,3116
1752,677698403548192770,286,1117
1753,677687604918272002,756,2263
1754,677673981332312066,1351,3035
1755,677662372920729601,843,1777
1756,677644091929329666,727,1711
1757,677573743309385728,600,1939
1758,677565715327688705,411,1190
1759,677557565589463040,1017,2223
1760,677547928504967168,3299,6330
1761,677530072887205888,204,968
1762,677335745548390400,1551,2760
1763,677334615166730240,253,1228
1764,677331501395156992,209,987
1765,677328882937298944,1345,3338
1766,677314812125323265,471,1500
1767,677301033169788928,354,1112
1768,677269281705472000,636,1799
1769,677228873407442944,1468,3211
1770,677187300187611136,814,2485
1771,676975532580409345,952,2528
1772,676957860086095872,720,2029
1773,676949632774234114,348,1188
1774,676948236477857792,776,1958
1775,676946864479084545,327,1576
1776,676942428000112642,668,1878
1777,676936541936185344,4435,11630
1778,676916996760600576,1618,2697
1779,676897532954456065,649,2051
1780,676864501615042560,628,1903
1781,676821958043033607,13805,20746
1782,676819651066732545,602,1656
1783,676811746707918848,379,1306
1784,676776431406465024,1805,4532
1785,676617503762681856,855,2615
1786,676613908052996102,177,986
1787,676606785097199616,387,1724
1788,676603393314578432,341,1042
1789,676593408224403456,1892,4140
1790,676590572941893632,110,840
1791,676588346097852417,701,2086
1792,676582956622721024,252,1082
1793,676575501977128964,990,2334
1794,676533798876651520,490,1700
1795,676496375194980353,471,1374
1796,676470639084101634,4183,10600
1797,676440007570247681,590,1565
1798,676430933382295552,302,1264
1799,676263575653122048,484,1894
1800,676237365392908289,251,1091
1801,676219687039057920,27800,70978
1802,676215927814406144,516,1573
1803,676191832485810177,919,2059
1804,676146341966438401,592,1755
1805,676121918416756736,1028,1967
1806,676101918813499392,1051,2585
1807,676098748976615425,1251,2682
1808,676089483918516224,392,1182
1809,675898130735476737,505,1448
1810,675891555769696257,765,1925
1811,675888385639251968,841,2118
1812,675878199931371520,1243,3783
1813,675870721063669760,500,1469
1814,675853064436391936,1136,2427
1815,675849018447167488,123,866
1816,675845657354215424,780,2049
1817,675822767435051008,475,1382
1818,675820929667219457,208,956
1819,675798442703122432,3047,9325
1820,675781562965868544,420,1459
1821,675740360753160193,296,1062
1822,675710890956750848,722,1695
1823,675707330206547968,600,1786
1824,675706639471788032,86,582
1825,675534494439489536,363,1664
1826,675531475945709568,332,1069
1827,675522403582218240,248,942
1828,675517828909424640,407,1151
1829,675501075957489664,5227,15568
1830,675497103322386432,1137,2825
1831,675489971617296384,528,1156
1832,675483430902214656,855,1666
1833,675432746517426176,503,1361
1834,675372240448454658,458,1531
1835,675362609739206656,196,943
1836,675354435921575936,14906,29500
1837,675349384339542016,2001,3536
1838,675334060156301312,1134,2492
1839,675166823650848770,1387,3178
1840,675153376133427200,2266,5604
1841,675149409102012420,1501,3355
1842,675147105808306176,200,842
1843,675146535592706048,257,1055
1844,675145476954566656,783,1918
1845,675135153782571009,413,1165
1846,675113801096802304,689,1739
1847,675111688094527488,214,867
1848,675109292475830276,1000,2522
1849,675047298674663426,275,929
1850,675015141583413248,1048,2425
1851,675006312288268288,201,876
1852,675003128568291329,406,1394
1853,674999807681908736,957,1996
1854,674805413498527744,318,764
1855,674800520222154752,749,2705
1856,674793399141146624,954,2224
1857,674790488185167872,219,986
1858,674788554665512960,181,719
1859,674781762103414784,1050,1807
1860,674774481756377088,411,990
1861,674767892831932416,692,1631
1862,674764817387900928,200,700
1863,674754018082705410,384,1229
1864,674752233200820224,401,1312
1865,674743008475090944,467,1260
1866,674742531037511680,45,430
1867,674739953134403584,327,968
1868,674737130913071104,80,580
1869,674690135443775488,412,1027
1870,674670581682434048,568,1449
1871,674664755118911488,205,812
1872,674646392044941312,430,1281
1873,674644256330530816,242,929
1874,674638615994089473,512,1518
1875,674632714662858753,503,1346
1876,674606911342424069,86,840
1877,674468880899788800,1784,5567
1878,674447403907457024,315,957
1879,674436901579923456,344,987
1880,674422304705744896,466,1285
1881,674416750885273600,117,611
1882,674410619106390016,402,1071
1883,674394782723014656,489,1335
1884,674372068062928900,280,767
1885,674330906434379776,66,506
1886,674318007229923329,450,1254
1887,674307341513269249,6046,10158
1888,674291837063053312,5148,13205
1889,674271431610523648,645,1394
1890,674269164442398721,202,824
1891,674265582246694913,734,1463
1892,674262580978937856,386,1180
1893,674255168825880576,466,1307
1894,674082852460433408,144,682
1895,674075285688614912,246,889
1896,674063288070742018,1911,5736
1897,674053186244734976,1131,2954
1898,674051556661161984,432,1294
1899,674045139690631169,566,1268
1900,674042553264685056,111,636
1901,674038233588723717,369,980
1902,674036086168010753,181,761
1903,674024893172875264,1087,1586
1904,674019345211760640,265,1016
1905,674014384960745472,560,1389
1906,674008982932058114,300,1082
1907,673956914389192708,838,1752
1908,673919437611909120,327,1057
1909,673906403526995968,1438,2850
1910,673887867907739649,221,844
1911,673716320723169284,670,2788
1912,673715861853720576,1815,3172
1913,673711475735838725,265,941
1914,673709992831262724,236,754
1915,673708611235921920,256,954
1916,673707060090052608,346,990
1917,673705679337693185,359,1125
1918,673700254269775872,501,1282
1919,673697980713705472,1697,3518
1920,673689733134946305,570,1546
1921,673688752737402881,440,1126
1922,673686845050527744,377,1277
1923,673680198160809984,418,1230
1924,673662677122719744,328,1130
1925,673656262056419329,199,650
1926,673636718965334016,308,995
1927,673612854080196609,632,1426
1928,673583129559498752,314,1068
1929,673580926094458881,239,738
1930,673576835670777856,488,1236
1931,673363615379013632,267,932
1932,673359818736984064,594,1288
1933,673355879178194945,494,1345
1934,673352124999274496,475,1496
1935,673350198937153538,185,686
1936,673345638550134785,1104,2234
1937,673343217010679808,235,861
1938,673342308415348736,492,1139
1939,673320132811366400,6895,11986
1940,673317986296586240,216,782
1941,673295268553605120,2752,6736
1942,673270968295534593,313,960
1943,673240798075449344,617,1279
1944,673213039743795200,724,1979
1945,673148804208660480,550,1493
1946,672997845381865473,631,1754
1947,672995267319328768,253,844
1948,672988786805112832,254,878
1949,672984142909456390,471,1120
1950,672980819271634944,891,1630
1951,672975131468300288,783,1498
1952,672970152493887488,305,841
1953,672968025906282496,471,1186
1954,672964561327235073,557,1262
1955,672902681409806336,425,1233
1956,672898206762672129,363,795
1957,672884426393653248,731,1370
1958,672877615439593473,302,909
1959,672834301050937345,504,1158
1960,672828477930868736,419,1110
1961,672640509974827008,272,874
1962,672622327801233409,423,1149
1963,672614745925664768,512,1091
1964,672609152938721280,338,971
1965,672604026190569472,337,973
1966,672594978741354496,531,1181
1967,672591762242805761,286,846
1968,672591271085670400,157,641
1969,672538107540070400,318,902
1970,672523490734551040,146,552
1971,672488522314567680,373,991
1972,672482722825261057,519,992
1973,672481316919734272,110,640
1974,672475084225949696,608,1299
1975,672466075045466113,448,1191
1976,672272411274932228,2938,5728
1977,672267570918129665,538,1318
1978,672264251789176834,287,1012
1979,672256522047614977,1329,2510
1980,672254177670729728,652,1277
1981,672248013293752320,524,1531
1982,672245253877968896,132,607
1983,672239279297454080,276,806
1984,672231046314901505,876,1624
1985,672222792075620352,176,703
1986,672205392827572224,1010,1992
1987,672169685991993344,320,908
1988,672160042234327040,304,765
1989,672139350159835138,597,1547
1990,672125275208069120,993,2120
1991,672095186491711488,328,878
1992,672082170312290304,319,839
1993,672068090318987265,441,1141
1994,671896809300709376,3678,7625
1995,671891728106971137,483,1176
1996,671882082306625538,1214,3116
1997,671879137494245376,575,1247
1998,671874878652489728,479,1108
1999,671866342182637568,420,999
2000,671855973984772097,374,794
2001,671789708968640512,3004,6332
2002,671768281401958400,435,1050
2003,671763349865160704,776,1496
2004,671744970634719232,667,1211
2005,671743150407421952,202,675
2006,671735591348891648,657,1287
2007,671729906628341761,3807,7497
2008,671561002136281088,6325,11399
2009,671550332464455680,183,811
2010,671547767500775424,499,1206
2011,671544874165002241,889,1730
2012,671542985629241344,487,966
2013,671538301157904385,336,836
2014,671536543010570240,344,1037
2015,671533943490011136,497,898
2016,671528761649688577,217,739
2017,671520732782923777,454,1223
2018,671518598289059840,253,831
2019,671511350426865664,606,1429
2020,671504605491109889,3130,6247
2021,671497587707535361,391,828
2022,671488513339211776,415,886
2023,671486386088865792,173,512
2024,671485057807351808,196,679
2025,671390180817915904,654,1281
2026,671362598324076544,258,980
2027,671357843010908160,133,351
2028,671355857343524864,105,421
2029,671347597085433856,371,835
2030,671186162933985280,176,642
2031,671182547775299584,284,980
2032,671166507850801152,302,783
2033,671163268581498880,968,1461
2034,671159727754231808,69,313
2035,671154572044468225,186,625
2036,671151324042559489,128,588
2037,671147085991960577,192,586
2038,671141549288370177,572,1024
2039,671138694582165504,344,823
2040,671134062904504320,163,655
2041,671122204919246848,2189,3088
2042,671115716440031232,674,1216
2043,671109016219725825,378,1005
2044,670995969505435648,244,970
2045,670842764863651840,7580,22089
2046,670840546554966016,166,524
2047,670838202509447168,599,985
2048,670833812859932673,109,382
2049,670832455012716544,184,647
2050,670826280409919488,3515,4875
2051,670823764196741120,162,677
2052,670822709593571328,83,545
2053,670815497391357952,1322,2789
2054,670811965569282048,231,984
2055,670807719151067136,428,1051
2056,670804601705242624,821,1742
2057,670803562457407488,78,304
2058,670797304698376195,203,661
2059,670792680469889025,238,734
2060,670789397210615808,210,585
2061,670786190031921152,171,530
2062,670783437142401025,331,726
2063,670782429121134593,661,1350
2064,670780561024270336,249,702
2065,670778058496974848,62,298
2066,670764103623966721,371,958
2067,670755717859713024,89,393
2068,670733412878163972,446,851
2069,670727704916926465,314,737
2070,670717338665226240,418,1053
2071,670704688707301377,319,687
2072,670691627984359425,209,521
2073,670679630144274432,243,666
2074,670676092097810432,35,215
2075,670668383499735048,4325,9470
2076,670474236058800128,634,1341
2077,670468609693655041,77,317
2078,670465786746662913,467,855
2079,670452855871037440,174,489
2080,670449342516494336,570,1076
2081,670444955656130560,1746,6063
2082,670442337873600512,175,581
2083,670435821946826752,437,940
2084,670434127938719744,562,1256
2085,670433248821026816,100,296
2086,670428280563085312,524,1234
2087,670427002554466305,142,465
2088,670421925039075328,552,1149
2089,670420569653809152,265,540
2090,670417414769758208,281,501
2091,670411370698022913,772,1797
2092,670408998013820928,188,486
2093,670403879788544000,130,378
2094,670385711116361728,173,494
2095,670374371102445568,238,670
2096,670361874861563904,55,289
2097,670338931251150849,96,374
2098,670319130621435904,1067,3471
2099,670303360680108032,107,383
2100,670290420111441920,250,623
2101,670093938074779648,277,911
2102,670086499208155136,218,622
2103,670079681849372674,1057,1958
2104,670073503555706880,681,1386
2105,670069087419133954,205,554
2106,670061506722140161,290,669
2107,670055038660800512,279,592
2108,670046952931721218,152,575
2109,670040295598354432,97,659
2110,670037189829525505,240,527
2111,670003130994700288,77,296
2112,669993076832759809,70,288
2113,669972011175813120,134,395
2114,669970042633789440,43,272
2115,669942763794931712,133,444
2116,669926384437997569,81,339
2117,669923323644657664,50,202
2118,669753178989142016,341,709
2119,669749430875258880,55,229
2120,669684865554620416,75,448
2121,669683899023405056,94,339
2122,669682095984410625,116,312
2123,669680153564442624,244,588
2124,669661792646373376,367,715
2125,669625907762618368,1572,3128
2126,669603084620980224,316,846
2127,669597912108789760,133,447
2128,669583744538451968,804,1323
2129,669573570759163904,120,388
2130,669571471778410496,882,1408
2131,669567591774625800,45,202
2132,669564461267722241,104,337
2133,669393256313184256,62,313
2134,669375718304980992,633,1179
2135,669371483794317312,148,438
2136,669367896104181761,130,406
2137,669363888236994561,202,558
2138,669359674819481600,103,332
2139,669354382627049472,1095,2394
2140,669353438988365824,228,566
2141,669351434509529089,157,381
2142,669328503091937280,367,908
2143,669327207240699904,102,497
2144,669324657376567296,182,440
2145,669216679721873412,348,1058
2146,669214165781868544,135,385
2147,669203728096960512,408,890
2148,669037058363662336,265,573
2149,669015743032369152,324,650
2150,669006782128353280,209,509
2151,669000397445533696,5527,18703
2152,668994913074286592,191,391
2153,668992363537309700,294,659
2154,668989615043424256,288,596
2155,668988183816871936,391,800
2156,668986018524233728,140,479
2157,668981893510119424,259,483
2158,668979806671884288,294,705
2159,668975677807423489,497,1158
2160,668967877119254528,18,127
2161,668960084974809088,210,620
2162,668955713004314625,63,241
2163,668932921458302977,50,227
2164,668902994700836864,88,276
2165,668892474547511297,126,354
2166,668872652652679168,268,476
2167,668852170888998912,139,409
2168,668826086256599040,112,384
2169,668815180734689280,227,494
2170,668779399630725120,325,627
2171,668655139528511488,189,474
2172,668645506898350081,457,774
2173,668643542311546881,447,788
2174,668641109086707712,466,944
2175,668636665813057536,435,922
2176,668633411083464705,1384,2469
2177,668631377374486528,280,618
2178,668627278264475648,97,281
2179,668625577880875008,111,330
2180,668623201287675904,654,1247
2181,668620235289837568,35,181
2182,668614819948453888,272,545
2183,668587383441514497,922,1478
2184,668567822092664832,46,206
2185,668544745690562560,197,453
2186,668542336805281792,182,403
2187,668537837512433665,61,227
2188,668528771708952576,189,404
2189,668507509523615744,87,279
2190,668496999348633600,114,359
2191,668484198282485761,207,372
2192,668480044826800133,127,397
2193,668466899341221888,442,769
2194,668297328638447616,255,556
2195,668291999406125056,28,213
2196,668286279830867968,118,436
2197,668274247790391296,198,721
2198,668268907921326080,206,485
2199,668256321989451776,518,1153
2200,668248472370458624,408,842
2201,668237644992782336,2426,5452
2202,668226093875376128,85,247
2203,668221241640230912,169,452
2204,668204964695683073,173,489
2205,668190681446379520,171,577
2206,668171859951755264,162,425
2207,668154635664932864,273,440
2208,668142349051129856,239,510
2209,668113020489474048,208,585
2210,667937095915278337,693,1116
2211,667924896115245057,95,264
2212,667915453470232577,46,184
2213,667911425562669056,246,431
2214,667902449697558528,334,759
2215,667886921285246976,908,1648
2216,667885044254572545,400,728
2217,667878741721415682,101,349
2218,667873844930215936,340,553
2219,667866724293877760,901,2717
2220,667861340749471744,69,221
2221,667832474953625600,55,255
2222,667806454573760512,417,931
2223,667801013445750784,82,283
2224,667793409583771648,286,609
2225,667782464991965184,211,363
2226,667773195014021121,44,204
2227,667766675769573376,185,373
2228,667728196545200128,127,325
2229,667724302356258817,269,424
2230,667550904950915073,29,0
2231,667550882905632768,26,0
2232,667549055577362432,1958,5109
2233,667546741521195010,107,303
2234,667544320556335104,459,761
2235,667538891197542400,58,176
2236,667534815156183040,446,719
2237,667530908589760512,206,412
2238,667524857454854144,968,1507
2239,667517642048163840,166,332
2240,667509364010450944,1867,6065
2241,667502640335572993,194,484
2242,667495797102141441,231,457
2243,667491009379606528,190,459
2244,667470559035432960,85,225
2245,667455448082227200,53,171
2246,667453023279554560,74,279
2247,667443425659232256,489,682
2248,667437278097252352,198,396
2249,667435689202614272,76,266
2250,667405339315146752,197,411
2251,667393430834667520,50,168
2252,667369227918143488,145,328
2253,667211855547486208,210,425
2254,667200525029539841,228,544
2255,667192066997374976,86,331
2256,667188689915760640,331,642
2257,667182792070062081,5276,12547
2258,667177989038297088,48,166
2259,667176164155375616,388,527
2260,667174963120574464,70,218
2261,667171260800061440,72,186
2262,667165590075940865,972,2380
2263,667160273090932737,50,219
2264,667152164079423490,14617,42296
2265,667138269671505920,1874,4013
2266,667119796878725120,106,286
2267,667090893657276420,106,287
2268,667073648344346624,104,351
2269,667070482143944705,13,72
2270,667065535570550784,40,143
2271,667062181243039745,45,192
2272,667044094246576128,43,163
2273,667012601033924608,187,394
2274,666996132027977728,79,214
2275,666983947667116034,847,2250
2276,666837028449972224,473,703
2277,666835007768551424,66,185
2278,666826780179869698,79,220
2279,666817836334096384,212,444
2280,666804364988780544,79,206
2281,666786068205871104,410,658
2282,666781792255496192,168,326
2283,666776908487630848,150,305
2284,666739327293083650,60,209
2285,666701168228331520,182,371
2286,666691418707132416,42,161
2287,666649482315059201,524,993
2288,666644823164719104,69,208
2289,666454714377183233,179,448
2290,666447344410484738,19,90
2291,666437273139982337,40,106
2292,666435652385423360,42,138
2293,666430724426358785,160,278
2294,666428276349472768,67,139
2295,666421158376562688,91,272
2296,666418789513326592,39,107
2297,666411507551481857,262,371
2298,666407126856765440,30,93
2299,666396247373291520,69,147
2300,666373753744588802,73,163
2301,666362758909284353,469,648
2302,666353288456101888,58,179
2303,666345417576210432,124,244
2304,666337882303524864,79,168
2305,666293911632134144,290,426
2306,666287406224695296,57,123
2307,666273097616637952,68,152
2308,666268910803644416,38,100
2309,666104133288665088,5488,12899
2310,666102155909144576,11,66
2311,666099513787052032,53,134
2312,666094000022159362,63,143
2313,666082916733198337,37,93
2314,666073100786774016,132,274
2315,666071193221509120,51,127
2316,666063827256086533,180,399
2317,666058600524156928,47,99
2318,666057090499244032,112,247
2319,666055525042405380,196,367
2320,666051853826850816,704,1027
2321,666050758794694657,50,115
2322,666049248165822465,37,89
2323,666044226329800704,115,247
2324,666033412701032449,36,100
2325,666029285002620928,39,112
2326,666020888022790149,423,2293
